<?xml version="1.0"?>
<pagescount>
	<html_total>1</html_total>
	<html_done>1</html_done>
	<images>15</images>
	<script>7</script>
	<css>47</css>
	<pdf/>
	<documents/>
	<excel/>
	<powerpoint/>
	<flash/>
	<audios/>
	<videos/>
	<xml/>
	<json/>
	<txt/>
	<autocad/>
	<model_3d/>
	<fonts>58</fonts>
	<scraping_reload>1</scraping_reload>
	<is_pretty_url>false</is_pretty_url>
	<has_trailing_slash>false</has_trailing_slash>
	<is_ebn>false</is_ebn>
	<email>jonas.jay@icloud.com</email>
	<theme_name>WmdTheme953722</theme_name>
	<server_url_front_page>https://www6.waybackmachinedownloader.com/wdo/files/demo/freedom-gate.my.canva.site_jonas.jay_icloud.com_5155173nk3/</server_url_front_page>
	<no_www_url>freedom-gate.my.canva.site</no_www_url>
	<hosted_domain/>
	<original_archive_url>https://freedom-gate.my.canva.site/</original_archive_url>
	<final_archive_url>https://freedom-gate.my.canva.site/</final_archive_url>
	<front_page_code_date/>
	<total_urls_from_api/>
	<max_reached_live>false</max_reached_live>
	<scrape_other_captures>false</scrape_other_captures>
	<total_size>5828</total_size>
</pagescount>
